settlement_id,payment_id,order_id,gross,mdr,gst_on_mdr,net,utr,settlement_date,on_hold
setl_21c4944b9eba52,pay_2b94c4a99a4b07,order_1162,9999,199.98,36.0,9763.02,UTR3082709180,2026-08-10,False
setl_94ca679674c147,pay_91ef1f59f1db4b,order_1187,9999,199.98,36.0,9763.02,UTR1127661542,2026-08-07,False
setl_28b1bdec9a6bb6,pay_ca16b2eec347e1,order_1246,9999,199.98,36.0,9763.02,UTR2002305548,2026-08-20,False
setl_4551c704f7aedf,pay_c9072f088507d6,order_1287,499,9.98,1.8,487.22,UTR1962134345,2026-08-03,False
setl_fe2c0570d700a4,pay_e9bdb2a257fa60,order_1292,999,19.98,3.6,975.42,UTR3160997637,2026-08-19,False
setl_74d3a4d0668bc9,pay_54bd549c0f06a2,order_1350,2499,49.98,9.0,2440.02,UTR1458851026,2026-08-11,False
setl_d075eb811278d1,pay_fce3a97cc86239,order_1041,999,19.98,3.6,975.42,UTR9094423237,2026-08-17,False
setl_f36d81d0012c14,pay_6c1a7de30c8121,order_1402,499,9.98,1.8,487.22,UTR9353172844,2026-08-16,False
setl_6cf0e97f46ed8b,pay_b35e126236570d,order_1014,4999,99.98,18.0,4881.02,UTR3096929657,2026-08-10,False
setl_05636a2296a793,pay_93a431fcb12405,order_1026,9999,199.98,36.0,9763.02,UTR7268807553,2026-08-11,False
setl_a6ac3477022bf7,pay_f5ab642010fd3a,order_1205,2499,49.98,9.0,2440.02,UTR2042086420,2026-08-21,False
setl_82e489fe88953b,pay_e598e32cc1c6cd,order_1477,9999,199.98,36.0,9763.02,UTR2534867848,2026-08-14,False
setl_e8f84c35cd515e,pay_d2c7bac1c74030,order_1044,9999,199.98,36.0,9763.02,UTR6955593943,2026-08-17,False
setl_078b1f8b335009,pay_33057353f01926,order_1439,499,9.98,1.8,487.22,UTR9116635925,2026-08-11,False
setl_7312742bc9c2de,pay_efee091f4f87fd,order_1056,2499,49.98,9.0,2440.02,UTR2408434291,2026-08-19,False
setl_fe9b8d8eb743ac,pay_c162f803d7caf9,order_1013,4999,99.98,18.0,4881.02,UTR3691864041,2026-08-18,False
setl_b174382bd04559,pay_d5be9f8f6da1d8,order_1329,9999,199.98,36.0,9763.02,UTR2988592958,2026-08-05,False
setl_4390c7886a2fb7,pay_a9c80797fed7fe,order_1127,9999,199.98,36.0,9763.02,UTR9640701016,2026-08-03,False
setl_9d5a0329ccca74,pay_2abbd19517469a,order_1158,4999,99.98,18.0,4881.02,UTR2920536604,2026-08-21,False
setl_a3f8caeed0842e,pay_d8287e03856255,order_1144,9999,199.98,36.0,9763.02,UTR9967011296,2026-08-07,False
setl_95ec12d5682921,pay_227de7de089a80,order_1153,1499,29.98,5.4,1463.62,UTR4048739665,2026-08-13,False
setl_b1ef27f793dc63,pay_a97ec873177169,order_1487,9999,199.98,36.0,9763.02,UTR7850993986,2026-08-19,False
setl_a79f59aa7ba100,pay_a6d816415b46a5,order_1029,2499,49.98,9.0,2440.02,UTR1417436465,2026-08-06,False
setl_1e5b7183f2dd20,pay_c574871bb6bd60,order_1234,499,9.98,1.8,337.52,UTR2263341689,2026-08-08,False
setl_55d6ae25c56a7f,pay_0b44ad5b951783,order_1310,4999,99.98,18.0,4881.02,UTR5983505618,2026-08-03,False
setl_e9fcf258b3fc55,pay_1cc71a41c563fb,order_1430,2499,49.98,9.0,2440.02,UTR8781662243,2026-08-16,False
setl_132d041601342b,pay_58b253f8c28db3,order_1473,2499,49.98,9.0,1690.32,UTR9693981830,2026-08-14,False
setl_d3cb87d5f0ef1f_dup,pay_f8233aed1b34a9,order_1062,2499,49.98,9.0,2440.02,UTR4022663059,2026-08-10,False
setl_1f159c42272dce,pay_15b623e5efed4c,order_1288,2499,49.98,9.0,2440.02,UTR3265977202,2026-08-23,False
setl_4694802e0509ba,pay_621ae19567909c,order_1464,4999,99.98,18.0,4881.02,UTR8264535316,2026-08-16,True
setl_9d6896d9aefbbf,pay_08a47df33a3030,order_1368,1499,29.98,5.4,1463.62,UTR6885086622,2026-08-16,False
setl_dc925c9a175155,pay_b8e95ad6b420b9,order_1090,9999,199.98,36.0,9763.02,UTR6737000272,2026-08-05,False
setl_12c8c578700ae6,pay_561eac41d9977e,order_1445,9999,199.98,36.0,9763.02,UTR5675881740,2026-08-13,False
setl_5140bb28f050c3,pay_38502f3d239234,order_1452,2499,49.98,9.0,2440.02,UTR9789042402,2026-08-16,False
setl_a8954cbab8359d,pay_5a50a14b7fcf9e,order_1212,1499,29.98,5.4,1463.62,UTR1420854556,2026-08-17,False
setl_49690f1ca41382,pay_9a2cf138699c6e,order_1020,2499,49.98,9.0,2440.02,UTR7313226025,2026-08-17,False
setl_08a64df00cc8da,pay_febc0ff9918f40,order_1304,9999,199.98,36.0,9763.02,UTR7667919375,2026-08-03,False
setl_af23a4aab9a82d,pay_d32894b684a27f,order_1253,1499,29.98,5.4,1463.62,UTR2627543095,2026-08-16,False
setl_2bee6eca9218b2,pay_ada6964972a9a3,order_1145,999,19.98,3.6,975.42,UTR8582485644,2026-08-03,True
setl_da514750bab032,pay_82894c660cd700,order_1297,9999,199.98,36.0,9763.02,UTR1585845375,2026-08-18,False
setl_72a0a465cc0be2,pay_1815c83ca43caf,order_1171,499,9.98,1.8,487.22,UTR3211494631,2026-08-18,False
setl_6bf98f443d0db4,pay_f55c6b993ce4f7,order_1139,4999,99.98,18.0,4881.02,UTR1664494972,2026-08-19,False
setl_c903826827b6a4,pay_da9e8c6a321a4d,order_1381,9999,199.98,36.0,9763.02,UTR4303860786,2026-08-21,False
setl_fa57f23b17227c,pay_b7789aedb7eb66,order_1207,2499,49.98,9.0,2440.02,UTR2008110018,2026-08-12,False
setl_a9ee3197ad3078_dup,pay_dcf7b663723ec0,order_1060,499,9.98,1.8,487.22,UTR2242377075,2026-08-07,False
setl_daa21d45f126b8,pay_314106bfe76817,order_1091,499,9.98,1.8,487.22,UTR5428082088,2026-08-13,False
setl_059517b37ca24f,pay_41bd1280a68607,order_1190,999,19.98,3.6,975.42,UTR6214434351,2026-08-18,False
setl_a9115b0d8f9149,pay_148cfc53deb863,order_1454,499,9.98,2.3,486.72,UTR9555120013,2026-08-17,False
setl_03a637c7d717a1,pay_6d8f0a2ddd173f,order_1106,2499,49.98,9.0,2440.02,UTR8178927766,2026-08-04,False
setl_1848c476735cae,pay_895d3f76028885,order_1125,499,9.98,1.8,487.22,UTR5794335854,2026-08-18,False
setl_754dc78569e557,pay_059772a582b526,order_1400,4999,99.98,18.0,4881.02,UTR4821408121,2026-08-08,False
setl_63ce5842eff4dc,pay_4cca21a0c052e5,order_1028,2499,49.98,9.0,2440.02,UTR5151086814,2026-08-05,False
setl_ee7eab737cdc66,pay_a3137b7bd95451,order_1225,499,9.98,1.8,487.22,UTR1042486233,2026-08-14,False
setl_35bfe2b7527f0b,pay_be45e924acf597,order_1324,999,19.98,3.6,975.42,UTR7604506493,2026-08-06,False
setl_d3457551b5ed7d,pay_1a89e17708b940,order_1469,4999,99.98,18.0,4881.02,UTR7125697460,2026-08-06,False
setl_6f67d02d4b7a53,pay_ffd3b33987d51d,order_1230,2499,49.98,9.0,2440.02,UTR6581899301,2026-08-15,False
setl_b7bd332f3116e1,pay_7fd829a47e2a59,order_1358,999,19.98,3.6,975.42,UTR8126937147,2026-08-11,False
setl_79fadbc8d3cb70,pay_15d244f5266c56,order_1128,2499,49.98,9.0,2440.02,UTR7384985150,2026-08-18,False
setl_c7386296c43146,pay_cb1b5131999f5a,order_1067,9999,199.98,36.0,9763.02,UTR8471762590,2026-08-07,False
setl_2564a930241d46,pay_e2133bbb44309d,order_1092,2499,49.98,9.0,2440.02,UTR9981364488,2026-08-11,False
setl_04d0777fe3a648,pay_0ff9ddc66ab29d,order_1163,2499,49.98,9.0,2440.02,UTR8719383556,2026-08-03,False
setl_71a1dc059677f6,pay_365a646d0f62ad,order_1335,499,9.98,1.8,487.22,UTR7120247651,2026-08-12,False
setl_ce0fbe0d208270,pay_f066f1541fa3ba,order_1356,4999,99.98,18.0,4881.02,UTR8133735342,2026-08-09,False
setl_c4bf686f16314d,pay_f1b84c7729996c,order_1340,9999,199.98,36.0,6763.32,UTR7657501485,2026-08-15,False
setl_b6f98ab017ee38,pay_a332f79bde6c9d,order_1147,9999,199.98,36.0,6763.32,UTR7690274631,2026-08-04,False
setl_6a39f39e4bc905,pay_fbafb5ae5d7599,order_1237,1499,29.98,5.4,1463.62,UTR5946387490,2026-08-09,False
setl_41122414629500,pay_3be7c960d066d5,order_1216,2499,49.98,9.0,2440.02,UTR2374567624,2026-08-06,False
setl_241690aa7e52e7_dup,pay_38b37419546c7d,order_1299,499,9.98,1.8,487.22,UTR3161251707,2026-08-08,False
setl_0de0a6c1e43caf,pay_1439c0032eb582,order_1226,4999,99.98,18.0,4881.02,UTR1280794323,2026-08-16,False
setl_9acc3d64f4ff09,pay_e9fdf48ed5a8ad,order_1421,1499,29.98,5.4,1463.62,UTR4539349405,2026-08-06,False
setl_ab4148c1569fd3,pay_34317cb39605c3,order_1152,1499,29.98,5.4,1463.62,UTR9229857657,2026-08-18,False
setl_580bd5dd3b6566,pay_59e4f6f510f624,order_1159,4999,99.98,18.0,4881.02,UTR3845362401,2026-08-09,False
setl_30a97e04011993,pay_b12bb43f6c1076,order_1184,9999,199.98,36.0,9763.02,UTR1125666952,2026-08-14,False
setl_3712e5e3e67e73,pay_bdeef9e1c0ea4f,order_1460,999,19.98,3.6,975.42,UTR9927495769,2026-08-06,False
setl_680423e8accfc5,pay_9d60a2324e0934,order_1087,4999,99.98,18.0,4881.02,UTR6676247763,2026-08-18,False
setl_2c04bf42ef0c07,pay_a1bbf928025dd2,order_1149,2499,49.98,9.0,2440.02,UTR4467990956,2026-08-20,False
setl_7777e760fee407,pay_5306a2dcba4303,order_1418,2499,49.98,9.0,2440.02,UTR9040663593,2026-08-23,False
setl_bfb62877f88b70,pay_616231a68cd9af,order_1213,999,19.98,3.6,975.42,UTR5088043307,2026-08-20,False
setl_b306f62f8910d1,pay_62e93a480ffc46,order_1492,499,9.98,1.8,337.52,UTR6361343908,2026-08-09,False
setl_e418410f7886a2,pay_66708bfec800b3,order_1101,2499,49.98,9.0,2440.02,UTR4221721910,2026-08-14,False
setl_9f66b2515be726,pay_98bb39c22a711f,order_1371,999,19.98,3.6,975.42,UTR3718745786,2026-08-14,False
setl_829e86507eee15,pay_f37ec424ebe7a1,order_1148,9999,199.98,36.0,9763.02,UTR1530618370,2026-08-08,False
setl_69324e96256d7a,pay_8c6854871f7de5,order_1063,9999,199.98,36.0,9763.02,UTR8823677798,2026-08-13,False
setl_c79e032f96c313,pay_6561351b520e7d,order_1042,9999,199.98,36.0,9763.02,UTR2963288053,2026-08-22,False
setl_73a7675dc85fba_dup,pay_74c71cb5d3adb1,order_1289,4999,99.98,18.0,4881.02,UTR4926138123,2026-08-06,False
setl_cf76275e739495,pay_e8836bd4340a65,order_1393,499,9.98,1.8,487.22,UTR7344102709,2026-08-06,False
setl_0c343a8c6ee0a1,pay_03ffac2299d2bf,order_1118,4999,99.98,18.0,3381.32,UTR8858274691,2026-08-23,False
setl_9ec7d953e47c9a,pay_a1a06765e7228a,order_1017,1499,29.98,5.4,1463.62,UTR2395925222,2026-08-03,False
setl_ad37be12bf975b,pay_512d370ccec025,order_1405,499,9.98,1.8,487.22,UTR3334248722,2026-08-19,False
setl_fb39b2fc846fed,pay_f89d7208226b0b,order_1255,1499,29.98,5.4,1463.62,UTR4684744684,2026-08-23,False
setl_308b7eff57a960,pay_ce92b477691272,order_1240,499,9.98,1.8,487.22,UTR1697341120,2026-08-15,False
setl_c30d81818148d0,pay_c20b8d86abd02e,order_1443,2499,49.98,9.0,2440.02,UTR4393144996,2026-08-09,False
setl_28fbb125f2a998,pay_873f924ad02023,order_1387,1499,29.98,5.4,1463.62,UTR7126870969,2026-08-09,False
setl_9398f7cdf1a0bf,pay_7054af1969fb0e,order_1038,4999,99.98,18.0,4881.02,UTR3619094295,2026-08-19,False
setl_1139b61be43c54,pay_6469876aaf3004,order_1291,4999,99.98,18.0,4881.02,UTR4152000372,2026-08-12,False
setl_06bf2dee568b1e,pay_6f9acee0148eb2,order_1313,1499,29.98,5.4,1013.92,UTR4101737697,2026-08-21,False
setl_910ab552a4d654,pay_bcb1273d4e63bc,order_1122,9999,199.98,36.0,9763.02,UTR4242579642,2026-08-15,False
setl_e8ed611028c3a5,pay_6be237a468cb5c,order_1259,4999,99.98,18.0,4881.02,UTR7160394051,2026-08-03,False
setl_49922ccd92ffac,pay_64e7a82cc38581,order_1349,9999,199.98,36.0,9763.02,UTR6423922711,2026-08-11,False
setl_c6d3b0859a9770,pay_72c2b7e8a00dfa,order_1064,4999,99.98,18.0,4881.02,UTR1050899550,2026-08-16,False
setl_60e29ffcef6ebd,pay_ef8af7cb8156c6,order_1210,9999,199.98,37.0,9762.02,UTR9200084089,2026-08-13,False
setl_499556033b6d2b,pay_411b752a19e579,order_1116,2499,49.98,9.0,2440.02,UTR7207765221,2026-08-17,False
setl_5e93db704175ea,pay_9c757585cf86a2,order_1336,1499,29.98,5.4,1463.62,UTR4518305561,2026-08-16,False
setl_77dd11d2284e99,pay_ac02304b6fe05b,order_1200,499,9.98,1.8,487.22,UTR6070504602,2026-08-19,False
setl_610de2c4f9c0c8,pay_eda3267a6b2c01,order_1266,1499,29.98,5.4,1013.92,UTR1868964847,2026-08-05,False
setl_e7ac440ca3bd0e,pay_30e33157a2ff2a,order_1055,2499,49.98,9.0,2440.02,UTR8886432673,2026-08-08,False
setl_af8b51579a6bd4,pay_bb4bdbea3945af,order_1109,2499,49.98,9.0,2440.02,UTR3245108207,2026-08-03,False
setl_c6081fd1b2578f,pay_ba85f25dc71dc4,order_1360,4999,99.98,18.0,4881.02,UTR1836994570,2026-08-08,False
setl_8a3a3ad3deb6d1,pay_b08c8874a511fc,order_1113,9999,199.98,36.0,9763.02,UTR5396985409,2026-08-07,False
setl_7efe1afcee21b7,pay_bf15afb54a4012,order_1398,4999,99.98,18.0,4881.02,UTR6468071295,2026-08-20,False
setl_3056862b66463c,pay_440dd570ef7064,order_1132,4999,99.98,18.0,4881.02,UTR8768773991,2026-08-11,False
setl_24d8e627d395c7,pay_91c4c8c85282c5,order_1416,2499,49.98,9.0,2440.02,UTR4050325243,2026-08-08,False
setl_df5c7eac6fc84a,pay_e1b98a8cad3c81,order_1280,1499,29.98,5.4,1463.62,UTR3891804979,2026-08-16,False
setl_04f8ca79b8f583,pay_c12328d0f8586f,order_1252,499,9.98,1.8,487.22,UTR2018338289,2026-08-04,False
setl_f55ac8936872fd,pay_11beb15df9008d,order_1247,2499,49.98,9.0,2440.02,UTR2217162916,2026-08-17,False
setl_95281b3f317f9f,pay_4f8cc1eb0fae15,order_1175,999,19.98,3.6,975.42,UTR6671348907,2026-08-10,False
setl_de82f897be6a8e,pay_1e63b728205ed7,order_1131,2499,49.98,9.0,2440.02,UTR5679598896,2026-08-20,False
setl_0c01ca7ad29e02,pay_b23b971848d7f0,order_1168,9999,199.98,36.0,9763.02,UTR1196716790,2026-08-03,False
setl_5aa58dfbe32c26,pay_81fb2058605ef0,order_1009,999,19.98,3.6,675.72,UTR6360837474,2026-08-13,False
setl_b672beb6d924f8,pay_80a6b66054783e,order_1180,1499,29.98,5.4,1463.62,UTR2613930214,2026-08-05,False
setl_2a36462c17d256,pay_9550e251718217,order_1258,1499,29.98,5.4,1463.62,UTR1475305327,2026-08-09,False
setl_6c3c5815c5a2c6,pay_ade2478b1a52d7,order_1209,999,19.98,3.6,975.42,UTR8738537544,2026-08-07,False
setl_658f6b2543417a,pay_aa50de094376b4,order_1385,9999,199.98,35.5,9763.52,UTR4847513935,2026-08-13,False
setl_ed8ea16e4e15b2,pay_fc5199104cce1b,order_1433,499,9.98,1.8,487.22,UTR1017220472,2026-08-21,False
setl_d9feeea695e19c,pay_0c9568d80b5a7b,order_1451,4999,99.98,18.0,4881.02,UTR2231951978,2026-08-23,False
setl_623e0373f8e1b8,pay_e2460c895a7b47,order_1437,9999,199.98,36.0,9763.02,UTR8728627585,2026-08-06,False
setl_253fc37597f2e1,pay_2bfcffab8442bb,order_1047,2499,49.98,9.0,2440.02,UTR7552812957,2026-08-18,False
setl_92466dcb8670c4,pay_6b28450709a428,order_1496,499,9.98,1.8,487.22,UTR6646797959,2026-08-12,False
setl_c3068fae9346d0,pay_562074d92b1ac6,order_1093,4999,99.98,18.0,4881.02,UTR3664052763,2026-08-19,False
setl_47a4c1f6278bcd,pay_2319de31b4b323,order_1239,2499,49.98,9.0,2440.02,UTR8567428724,2026-08-03,False
setl_0f5b890314c4c9,pay_1f1e43fed9eeaf,order_1438,9999,199.98,36.0,9763.02,UTR2532820191,2026-08-15,False
setl_2cdebe976d6360,pay_8d564d20a2eaf2,order_1160,2499,49.98,9.0,2440.02,UTR6451389154,2026-08-10,False
setl_3735f5ea04ffd1,pay_65fb89bead9f4b,order_1030,999,19.98,3.6,675.72,UTR5170814022,2026-08-23,False
setl_71240983552b43,pay_91708a494e5345,order_1155,499,9.98,1.8,487.22,UTR2905452099,2026-08-12,False
setl_2a3320c47f6e34,pay_0373bcd6dead44,order_1192,499,9.98,1.8,487.22,UTR3365264764,2026-08-11,False
setl_b60f5ba1dd0511,pay_5ddd42dfe3d02f,order_1270,4999,99.98,18.0,4881.02,UTR6078474602,2026-08-16,False
setl_fc05281758a5eb,pay_c963f9bb2c37a5,order_1135,499,9.98,1.8,487.22,UTR5873637580,2026-08-15,False
setl_3eb8c2ddfa2b7b,pay_737f341cce7078,order_1154,4999,99.98,18.0,4881.02,UTR5312619071,2026-08-06,False
setl_b93da21643203d,pay_169b2414ba67c1,order_1260,2499,49.98,9.0,2440.02,UTR7549701358,2026-08-16,False
setl_7004fd7ae67b31,pay_e68bc22680dd48,order_1181,1499,29.98,5.4,1463.62,UTR9876515546,2026-08-18,False
setl_05c262dcc276a3,pay_5523f7321d1cde,order_1040,2499,49.98,9.0,2440.02,UTR2928130926,2026-08-22,False
setl_81b439a5ec56be,pay_49a39ccb3ab837,order_1410,2499,49.98,9.0,2440.02,UTR2466299416,2026-08-20,False
setl_6025fa60ca2921,pay_390577edf7e72c,order_1389,2499,49.98,9.0,2440.02,UTR5938782145,2026-08-18,False
setl_00053576ea377f,pay_7850c1b6c892e3,order_1096,2499,49.98,9.0,2440.02,UTR7662927609,2026-08-21,False
setl_b6105c9de1d398,pay_26b8dc1d00ed99,order_1036,2499,49.98,9.0,2440.02,UTR8498174646,2026-08-12,False
setl_0a033a490e6c7f,pay_ab08d5a9e66315,order_1236,9999,199.98,36.0,9763.02,UTR3444717125,2026-08-20,False
setl_5d3bcb0d276fad,pay_cb94f1fb7d7b6f,order_1248,499,9.98,1.8,487.22,UTR6979820993,2026-08-20,False
setl_4678d99215f852,pay_9da40124560085,order_1051,4999,99.98,18.0,4881.02,UTR1172893522,2026-08-19,False
setl_d90007b268cb21,pay_d6282ca5ec0365,order_1357,1499,29.98,5.4,1463.62,UTR5690636423,2026-08-10,False
setl_0ced37fdd83197_dup,pay_5ecf3bfe351a06,order_1222,499,9.98,1.8,487.22,UTR1536125194,2026-08-23,False
setl_8bfdbbc6e1205b,pay_585224c6e238dc,order_1183,999,19.98,3.6,975.42,UTR2469072661,2026-08-17,False
setl_c4aa1f8cf8c80a,pay_1996e50a74120a,order_1215,4999,99.98,18.0,3381.32,UTR5133376765,2026-08-08,False
setl_4c90a064dad0da,pay_383847b2b09a02,order_1143,999,19.98,3.6,975.42,UTR4048090198,2026-08-15,False
setl_7706d363efee60,pay_c342cfe98368d3,order_1173,2499,49.98,9.0,2440.02,UTR5439366473,2026-08-19,False
setl_cf1e71e4f14b7d,pay_a415781ba849cf,order_1176,4999,99.98,18.0,4881.02,UTR5392421278,2026-08-23,True
setl_cf0ad3607d3df6,pay_798f4e552bdbca,order_1359,999,19.98,3.6,975.42,UTR7963484427,2026-08-17,False
setl_4a6f8f1f2f416b,pay_1dd3d74c3035df,order_1010,1499,29.98,5.4,1463.62,UTR3196545325,2026-08-16,False
setl_07478518536657,pay_6793616af91711,order_1290,1499,29.98,5.4,1013.92,UTR9800965219,2026-08-06,False
setl_d710a93e4087a1,pay_ff929e7bbe2846,order_1179,4999,99.98,18.0,4881.02,UTR6130123844,2026-08-15,False
setl_baf7bef4958f52,pay_5616842b488b91,order_1151,4999,99.98,19.0,4880.02,UTR8008775062,2026-08-18,False
setl_c5ac86698f65d9,pay_ace707572c921d,order_1157,2499,49.98,9.0,2440.02,UTR8676510043,2026-08-21,False
setl_aa0b66872ba4aa,pay_3b2b925a0e480f,order_1102,1499,29.98,5.4,1463.62,UTR5884080139,2026-08-22,False
setl_50e42b8abe77d1,pay_0e52de01691345,order_1208,499,9.98,1.8,487.22,UTR3415802569,2026-08-22,False
setl_95419b380d3762,pay_c4ec0c41b91757,order_1082,499,9.98,1.8,487.22,UTR8111191488,2026-08-20,False
setl_2b61a57ae22652,pay_d4014ff1b8383a,order_1138,4999,99.98,18.0,4881.02,UTR9304405028,2026-08-17,False
setl_9c9b1e1c41c76a,pay_10c89346a60a8a,order_1114,2499,49.98,9.0,1690.32,UTR3291226621,2026-08-08,False
setl_4eb33d6d978a9a,pay_e7304e5194b375,order_1220,4999,99.98,18.0,3381.32,UTR9870656334,2026-08-08,False
setl_ca2442667998ed,pay_5e3f2c0bf3cd1d,order_1070,2499,49.98,9.0,2440.02,UTR9454334062,2026-08-20,False
setl_1e6c553c7f6125,pay_057ce8698149ed,order_1286,2499,49.98,9.0,2440.02,UTR3475678519,2026-08-10,False
setl_f27f810ecfe2f8,pay_22bec21f9753ba,order_1178,4999,99.98,18.0,4881.02,UTR6564374392,2026-08-13,False
setl_c91f89823fb5f6,pay_ec0ef1f0dd3073,order_1355,999,19.98,3.6,975.42,UTR6840547707,2026-08-05,False
setl_8a67b729c3034c,pay_8ee2242d9df736,order_1074,4999,99.98,18.0,4881.02,UTR5785481124,2026-08-18,False
setl_7f92b8a4b999d1,pay_8822a97d2cae1d,order_1300,499,9.98,1.8,487.22,UTR1995162447,2026-08-08,False
setl_8865f746d59cc4,pay_7e52969d38c53f,order_1468,1499,29.98,5.4,1463.62,UTR1032651748,2026-08-10,False
setl_401bc07a006256,pay_4d21f36a186917,order_1166,499,9.98,1.8,487.22,UTR8606346821,2026-08-19,False
setl_4a92c8c8050eed,pay_a84a167fe482ed,order_1003,1499,29.98,5.4,1463.62,UTR1248786714,2026-08-10,False
setl_f5a1751bbc7c76,pay_24347c65711ec4,order_1318,999,19.98,3.6,975.42,UTR6544503163,2026-08-03,False
setl_464597a10c09f1,pay_f7d202c4e6a9d2,order_1243,4999,99.98,18.0,4881.02,UTR7382004228,2026-08-03,False
setl_8ea9769d28c692,pay_d433c57b13be55,order_1312,1499,29.98,5.4,1463.62,UTR6762007039,2026-08-12,False
setl_1d1c9de5b6f934,pay_e7cfcb3e2ec619,order_1301,2499,49.98,9.0,2440.02,UTR1968500282,2026-08-12,False
setl_447c04d370add6,pay_7b21a07d6f901c,order_1399,9999,199.98,36.0,9763.02,UTR4401458504,2026-08-18,False
setl_7e2e762baf32b0,pay_b953a5c51bd637,order_1172,999,19.98,3.6,975.42,UTR8952782076,2026-08-06,False
setl_a83a68cbb066ca,pay_004cfa20c38579,order_1110,4999,99.98,18.0,4881.02,UTR9645619869,2026-08-04,False
setl_ace0666f5547fe,pay_ce3eeb8669439f,order_1422,2499,49.98,9.0,2440.02,UTR6214213008,2026-08-21,False
setl_1e8a5b83a6b296,pay_3068cafb36fe9a,order_1011,499,9.98,1.8,337.52,UTR2232285036,2026-08-12,False
setl_c27158cf54e169,pay_5f4c5bac28dabc,order_1366,9999,199.98,36.0,9763.02,UTR8544387003,2026-08-08,False
setl_af165d337643e7,pay_a32e97cc31667b,order_1005,4999,99.98,18.0,4881.02,UTR9807209816,2026-08-06,False
setl_a42897bcc926ec,pay_238b56aec9d423,order_1227,1499,29.98,5.4,1463.62,UTR7523593032,2026-08-18,False
setl_4f8b2d7d97720f,pay_c237bf84133208,order_1019,2499,49.98,9.0,2440.02,UTR4530959836,2026-08-06,False
setl_3c8fdf0a7e99fa,pay_5c532186813355,order_1112,1499,29.98,5.4,1463.62,UTR5058691146,2026-08-15,False
setl_cc0ea904c4fa66,pay_ebb4629fdaa460,order_1097,1499,29.98,5.4,1463.62,UTR2082326234,2026-08-17,False
setl_86be883845a0e8,pay_926ae9975cace1,order_1211,1499,29.98,5.4,1463.62,UTR3170137829,2026-08-10,False
setl_4c683697c20bd9,pay_f63b1d151c73ca,order_1191,999,19.98,3.6,975.42,UTR9189797508,2026-08-17,False
setl_403d6e7b98a690,pay_ab05c6b43f6ff2,order_1084,9999,199.98,36.0,9763.02,UTR6311894154,2026-08-07,False
setl_4e695dca7cd3d3,pay_27ca220217d82a,order_1462,499,9.98,1.8,487.22,UTR6662663704,2026-08-19,False
setl_eaecb10e2a56bc,pay_eee9289a2a4d51,order_1268,2499,49.98,9.0,2440.02,UTR8416153220,2026-08-05,False
setl_9ad7b8651e677f,pay_d00abfdb984779,order_1206,1499,29.98,5.4,1463.62,UTR8290769011,2026-08-17,False
setl_554f028e1cb39b,pay_a723a5f0275712,order_1046,2499,49.98,9.0,2440.02,UTR1526723719,2026-08-09,False
setl_b7301197fc1bea,pay_894c79cdf5628e,order_1103,2499,49.98,9.0,2440.02,UTR6429375645,2026-08-12,False
setl_6aad5d618780b0,pay_2edeb4d0fa9ae0,order_1221,2499,49.98,9.0,2440.02,UTR7222812754,2026-08-20,False
setl_033654eaabe7f3,pay_ed4738480081e6,order_1267,1499,29.98,5.4,1463.62,UTR9917597402,2026-08-14,False
setl_bb6a5e7310890b,pay_1bdf82af289fec,order_1004,499,9.98,1.8,487.22,UTR2419179580,2026-08-10,False
setl_ac214f391375ca,pay_c0049046a0454d,order_1295,2499,49.98,9.0,2440.02,UTR2334600121,2026-08-15,False
setl_745d8f06e65670,pay_1af6a2911ccc3a,order_1188,4999,99.98,18.0,4881.02,UTR5999961449,2026-08-12,False
setl_6fedeb32f7e716,pay_5f56c8131720fd,order_1050,2499,49.98,9.0,2440.02,UTR2515672889,2026-08-10,False
setl_a839c0cb52f511,pay_a043bae1603803,order_1000,1499,29.98,5.4,1463.62,UTR9776552803,2026-08-22,False
setl_31aaf5fe42e4fa,pay_441384af42d0ff,order_1264,499,9.98,1.8,487.22,UTR9440587694,2026-08-14,False
setl_2853cd39f1bf47,pay_3e90594639948d,order_1412,499,9.98,1.8,487.22,UTR8925856505,2026-08-10,False
setl_cd484911bf0e00,pay_84d2b8fe4ab65d,order_1471,999,19.98,3.6,975.42,UTR1996817103,2026-08-12,False
setl_4d869f77df37a7,pay_eedcd10503a821,order_1472,1499,29.98,5.4,1463.62,UTR2775021744,2026-08-23,False
setl_42b081074756dd,pay_1548145402c6e4,order_1214,999,19.98,3.6,975.42,UTR2928761313,2026-08-07,False
setl_de91ab0fda273b,pay_14b7bf47505bec,order_1293,2499,49.98,9.0,2440.02,UTR1383428853,2026-08-14,False
setl_18b8a557f7e0c1,pay_ec2c46344e72cd,order_1296,999,19.98,3.6,975.42,UTR9189853166,2026-08-22,False
setl_73e8c1f928f06c,pay_d685a6c64073a0,order_1319,1499,29.98,5.4,1463.62,UTR3374662487,2026-08-14,False
setl_7bcc5b57440280,pay_1dc9cb5a23745b,order_1344,1499,29.98,5.4,1463.62,UTR6545740371,2026-08-21,False
setl_6a7a4f7ca41077,pay_f2ab9d9d00a9ac,order_1049,999,19.98,3.6,975.42,UTR3605585995,2026-08-13,False
setl_bdf4dff57b6042,pay_8c1cca38601faf,order_1432,499,9.98,1.8,487.22,UTR4657464840,2026-08-07,False
setl_197e1180b721f4,pay_ce2f5a99df3683,order_1231,999,19.98,3.6,975.42,UTR5595526656,2026-08-12,False
setl_d088c789bc1cfe,pay_94bc27a6911ec2,order_1251,999,19.98,3.6,975.42,UTR3985929521,2026-08-22,False
setl_92b701f1465554,pay_2d9b5fbd1bac3a,order_1481,999,19.98,3.6,975.42,UTR4635011695,2026-08-09,False
setl_415f1b6e7a1b3d,pay_fe3feaaef3b266,order_1197,1499,29.98,5.4,1463.62,UTR8500915689,2026-08-12,False
setl_cecd26b065930b,pay_c5e9c453cc02d5,order_1497,9999,199.98,36.0,9763.02,UTR1802033838,2026-08-16,False
setl_a53e483ccca4ea,pay_f316a90be16b27,order_1282,9999,199.98,36.0,9763.02,UTR4723474875,2026-08-21,False
setl_f469ef861c6233,pay_b679451635ed7e,order_1285,1499,29.98,5.4,1463.62,UTR2350564914,2026-08-14,False
setl_c294c6011e2a56,pay_dc0ae69db29cea,order_1408,2499,49.98,9.0,2440.02,UTR9233928059,2026-08-23,False
setl_e579eeed90509b_dup,pay_467401b8628227,order_1337,499,9.98,1.8,487.22,UTR4115565294,2026-08-15,False
setl_76c4a2ad87e796,pay_f662fd1d2c4ca1,order_1202,2499,49.98,9.0,2440.02,UTR3636542070,2026-08-14,False
setl_34c20f9c7e9b66,pay_957a8cfba4a91f,order_1012,999,19.98,3.6,675.72,UTR3953315788,2026-08-23,False
setl_2754ae0bc0ea46,pay_1346d08b18734c,order_1194,9999,199.98,36.0,9763.02,UTR3943119201,2026-08-14,False
setl_b174382bd04559_dup,pay_d5be9f8f6da1d8,order_1329,9999,199.98,36.0,9763.02,UTR2988592958,2026-08-05,False
setl_a35dda7f6462cd,pay_d0132bcd56aa73,order_1436,9999,199.98,36.0,9763.02,UTR7546741316,2026-08-17,False
setl_653edbfe98c567,pay_21198bc8939a33,order_1450,4999,99.98,18.0,4881.02,UTR1036000210,2026-08-16,False
setl_8010ea23b51bc8,pay_da98d2c2d3b161,order_1401,2499,49.98,9.0,2440.02,UTR2687061995,2026-08-19,False
setl_1ad7ef25297cbf,pay_451118128d97a3,order_1353,499,9.98,1.8,487.22,UTR7763447547,2026-08-15,False
setl_21128f3cf56c78,pay_b8aa65d0499e0b,order_1394,4999,99.98,18.0,4881.02,UTR4534096467,2026-08-16,False
setl_f33e190aa20207,pay_8211ef259caa46,order_1081,1499,29.98,5.4,1463.62,UTR2113457241,2026-08-19,False
setl_67a3242d6b28c0,pay_49b8f92ac01c25,order_1333,999,19.98,3.6,975.42,UTR5724092414,2026-08-14,False
setl_462190618c2287,pay_64082830b67983,order_1141,9999,199.98,36.0,9763.02,UTR2057617830,2026-08-21,False
setl_66e10dc81ad5fd,pay_483c48a00f730d,order_1458,499,9.98,1.8,487.22,UTR9830393713,2026-08-05,False
setl_a9ee3197ad3078,pay_dcf7b663723ec0,order_1060,499,9.98,1.8,487.22,UTR2242377075,2026-08-07,False
setl_5ab4b0166708e8,pay_40c1cb5de7e277,order_1352,499,9.98,1.8,487.22,UTR8723546244,2026-08-21,False
setl_ab1b0e2e8a1bee,pay_1ae5dc6dd62966,order_1233,2499,49.98,9.0,2440.02,UTR2583692176,2026-08-20,False
setl_11d23bed029cb9,pay_60dcfc344eadd9,order_1478,1499,29.98,5.4,1463.62,UTR5692144654,2026-08-03,False
setl_04889976c98501,pay_8a1ca5a0fa6cf6,order_1071,2499,49.98,9.0,2440.02,UTR5903457537,2026-08-05,False
setl_a1e38778f2e761,pay_a49d98115a8fc0,order_1465,4999,99.98,18.0,4881.02,UTR7276690860,2026-08-05,False
setl_ae4a21e7058ae1,pay_22bb3327a321e3,order_1441,999,19.98,3.6,975.42,UTR1314447563,2026-08-09,False
setl_c7b88c056ac7ee,pay_d835ab88ef996f,order_1427,4999,99.98,18.0,4881.02,UTR3537868976,2026-08-21,False
setl_5c4ddaf34bc5b9,pay_97269a66eb0745,order_1095,499,9.98,1.8,487.22,UTR2897158366,2026-08-09,False
setl_d842e3f8413f4a,pay_9251782d89c28d,order_1048,4999,99.98,18.0,4881.02,UTR9991206531,2026-08-20,False
setl_6617b939c55d9c,pay_beadbc12c2cedb,order_1334,499,9.98,1.8,487.22,UTR1988158051,2026-08-23,False
setl_6c3c5815c5a2c6_dup,pay_ade2478b1a52d7,order_1209,999,19.98,3.6,975.42,UTR8738537544,2026-08-07,False
setl_7e58e978702c40,pay_b8afe8ddfee42c,order_1489,2499,49.98,9.0,2440.02,UTR4618907753,2026-08-13,False
setl_512c4d2a29010a,pay_542777f7d30f49,order_1309,2499,49.98,9.0,2440.02,UTR2362941028,2026-08-21,False
setl_9e63f8101ac616,pay_543fe5a6e74384,order_1002,2499,49.98,9.0,2440.02,UTR5047709743,2026-08-19,False
setl_72a18b3679b0b9,pay_38dafa39d33772,order_1317,9999,199.98,36.0,9763.02,UTR6792638620,2026-08-21,False
setl_ca4bffdaa90b3b,pay_3b92adbdb0ee75,order_1278,999,19.98,3.6,975.42,UTR2621593120,2026-08-22,False
setl_039978c5a31138,pay_ba3b709813d1e8,order_1347,999,19.98,3.6,975.42,UTR7387607079,2026-08-22,False
setl_eaab4bea5650dc,pay_b00e2f2b455376,order_1425,2499,49.98,9.0,2440.02,UTR8784709017,2026-08-08,False
setl_b1f932881fe71d,pay_8fa8635cac38e7,order_1023,2499,49.98,9.0,2440.02,UTR6469318275,2026-08-12,False
setl_8925813918c787,pay_78a33cd17b1908,order_1058,499,9.98,1.8,487.22,UTR8760642358,2026-08-20,False
setl_67f2e39feb6cab,pay_6b525f65e9b0cf,order_1426,4999,99.98,18.0,4881.02,UTR2448176310,2026-08-14,False
setl_0ced37fdd83197,pay_5ecf3bfe351a06,order_1222,499,9.98,1.8,487.22,UTR1536125194,2026-08-23,False
setl_a1b790633e3000,pay_2a0472be870a8a,order_1235,999,19.98,3.6,975.42,UTR4789389791,2026-08-05,False
setl_422a1a20fbba23,pay_569e43d16a7f63,order_1435,499,9.98,1.8,487.22,UTR9602036367,2026-08-21,False
setl_7e52299b69486c,pay_739bea4a0fd61b,order_1032,499,9.98,1.8,487.22,UTR6218484323,2026-08-23,False
setl_9b3a47ed1640ca,pay_b9fa0d4af21184,order_1008,1499,29.98,5.4,1463.62,UTR8478529823,2026-08-08,False
setl_4a5534ea92b26f,pay_f68d9d9b034131,order_1001,9999,199.98,36.0,9763.02,UTR1240251661,2026-08-20,False
setl_241690aa7e52e7,pay_38b37419546c7d,order_1299,499,9.98,1.8,487.22,UTR3161251707,2026-08-08,False
setl_27c26620bde92e,pay_8e2689287fbefa,order_1383,2499,49.98,9.0,2440.02,UTR2589001157,2026-08-21,False
setl_188d8e0b9c1299,pay_f23301a3d295bc,order_1094,499,9.98,1.8,487.22,UTR7059726570,2026-08-06,False
setl_62371d4618cc80,pay_9e67ea5e417af5,order_1483,499,9.98,1.8,487.22,UTR3378739095,2026-08-16,False
setl_abf5e7e61fd2d1,pay_40316b80ef7422,order_1059,4999,99.98,18.0,4881.02,UTR3271361431,2026-08-15,True
setl_a7155ad5b4fd87,pay_fd9ffa40c7ae29,order_1022,1499,29.98,5.4,1463.62,UTR2388450337,2026-08-11,False
setl_a805a68b642833,pay_99cd3ef86489b2,order_1061,9999,199.98,36.0,9763.02,UTR8755749566,2026-08-07,False
setl_1cf07b4fb83a95,pay_2cd42f68f6bf76,order_1456,999,19.98,4.1,974.92,UTR4251342697,2026-08-19,False
setl_0390a55b057218,pay_979bfbdec8755e,order_1431,499,9.98,1.8,487.22,UTR5878096289,2026-08-21,False
setl_29b269e86fec4f,pay_9c7af2780ed78e,order_1108,1499,29.98,5.4,1463.62,UTR4456576082,2026-08-17,False
setl_7b6a27f5baddd6,pay_bc6adf7089dd78,order_1025,1499,29.98,5.4,1463.62,UTR8556573246,2026-08-23,False
setl_c88c040ab0bd66,pay_38fd6b4256830d,order_1320,9999,199.98,36.0,9763.02,UTR4702191781,2026-08-11,False
setl_df2c6c64223bec,pay_6e809b209cbb6a,order_1263,2499,49.98,9.0,2440.02,UTR7550139546,2026-08-19,False
setl_98fdaca090f1ec,pay_cf91c5ae66b5cd,order_1365,9999,199.98,36.0,9763.02,UTR6383802605,2026-08-17,False
setl_d16daaaa4de8f1,pay_19c1d4edf2307e,order_1488,1499,29.98,5.4,1463.62,UTR1480850393,2026-08-22,True
setl_6827f1903ef64b,pay_acc363a1e0556d,order_1080,2499,49.98,9.0,2440.02,UTR8309221034,2026-08-16,False
setl_a4a5097ffec2dc,pay_7154f15e1507b7,order_1201,1499,29.98,5.4,1463.62,UTR4428015166,2026-08-13,False
setl_c8ef0dbccca798,pay_edda96033d3001,order_1428,4999,99.98,18.0,4881.02,UTR4348677784,2026-08-12,False
setl_fc18e9c1594410,pay_48a651ec2c41f3,order_1254,1499,29.98,5.4,1013.92,UTR6070949719,2026-08-15,False
setl_df5c7eac6fc84a_dup,pay_e1b98a8cad3c81,order_1280,1499,29.98,5.4,1463.62,UTR3891804979,2026-08-16,False
setl_e8cd0c62a235a1,pay_97b7b8a6e170d7,order_1463,2499,49.98,9.0,2440.02,UTR9542146097,2026-08-14,False
setl_1d1c3bbd969cdc,pay_f8cc736ba3d04d,order_1075,4999,99.98,18.0,4881.02,UTR7581095906,2026-08-14,False
setl_b4d5af9cbb07fc,pay_57798592fb45d8,order_1052,4999,99.98,18.0,4881.02,UTR9810503338,2026-08-21,False
setl_d7e248572e6af6,pay_69551efc586d77,order_1341,9999,199.98,36.0,9763.02,UTR3658052055,2026-08-03,False
setl_e8c1ae80fa66db,pay_e916208ead92e9,order_1121,2499,49.98,9.0,2440.02,UTR8596386996,2026-08-10,False
setl_90ba417fd2d9cd,pay_2d0092a09042f9,order_1120,999,19.98,3.6,975.42,UTR2136107759,2026-08-22,False
setl_3ad67b62777d29,pay_0adf9bbf4a9375,order_1265,9999,199.98,36.0,9763.02,UTR8076234670,2026-08-08,False
setl_d5803949797c3e,pay_6b4158e2cff174,order_1083,999,19.98,3.6,975.42,UTR2761091683,2026-08-07,False
setl_41409a8620cbd3,pay_e238eb48823955,order_1396,4999,99.98,18.0,4881.02,UTR3895694146,2026-08-12,False
setl_96813bb3ed2294,pay_cd4a4efdaf0d20,order_1115,499,9.98,1.8,487.22,UTR7652264884,2026-08-08,False
setl_1edd4caf0e819f,pay_2c7f7a4251014f,order_1498,2499,49.98,9.0,2440.02,UTR1549120831,2026-08-18,False
setl_9e1d26f46dcac1,pay_204c5b1c0da257,order_1104,9999,199.98,36.0,9763.02,UTR4626454979,2026-08-04,False
setl_1f73b4d1fa0667,pay_848b6f2e83945c,order_1065,9999,199.98,36.0,9763.02,UTR4018696945,2026-08-03,False
setl_8f1bcda403f1c0,pay_6459cc09a140a9,order_1486,4999,99.98,18.0,4881.02,UTR3155369361,2026-08-22,False
setl_02b21851ba955f,pay_820090759c52cd,order_1089,9999,199.98,36.0,9763.02,UTR9420979586,2026-08-16,False
setl_4b80eb9432f3b3,pay_1487b5e3bfc4a8,order_1306,1499,29.98,5.4,1463.62,UTR8577146879,2026-08-07,False
setl_bca296f7d22954,pay_85bca27a034913,order_1196,499,9.98,1.8,487.22,UTR2578828127,2026-08-16,False
setl_a7895167ef0f0c,pay_b7ffc7eff75469,order_1275,9999,199.98,36.0,9763.02,UTR1034114705,2026-08-20,False
setl_6b50d5f4ff1a5c,pay_7e8cb19d851a49,order_1045,9999,199.98,36.0,9763.02,UTR5092199300,2026-08-08,False
setl_f2a36e77f75a28,pay_34bf642b6406ed,order_1380,999,19.98,3.6,975.42,UTR4060550147,2026-08-09,False
setl_ba0a75b6b511a0,pay_697e64e1545a19,order_1495,4999,99.98,18.0,4881.02,UTR2696021446,2026-08-20,False
setl_21be8dfe4e31c5,pay_f70d19de65a1fb,order_1193,4999,99.98,18.0,4881.02,UTR4195279456,2026-08-15,False
setl_2aeeb496349074,pay_a24eb8561e9daa,order_1491,499,9.98,1.8,487.22,UTR1049887109,2026-08-17,False
setl_d06cb8f38a2442,pay_1f7c116881189c,order_1068,999,19.98,3.6,975.42,UTR6480214504,2026-08-16,False
setl_9ba54af433fd38,pay_8f8e0313b8d4b2,order_1449,4999,99.98,18.0,4881.02,UTR5819728209,2026-08-13,False
setl_bd1a0c6ce5e6e1,pay_24e3449931577e,order_1140,999,19.98,3.6,675.72,UTR4988535000,2026-08-23,False
setl_60d6d3c40b0c2b_dup,pay_e62994eabe4fae,order_1376,499,9.98,1.8,487.22,UTR1491259971,2026-08-23,False
setl_be29d4bd59a763,pay_65efdfa605517b,order_1244,9999,199.98,36.0,9763.02,UTR9661361196,2026-08-13,False
setl_e90e5f9cb6123d,pay_6c9d1803de701e,order_1066,2499,49.98,9.0,1690.32,UTR6719736115,2026-08-20,False
setl_e8a39132928a69,pay_991ae5034e6b5c,order_1325,4999,99.98,18.0,4881.02,UTR3033266894,2026-08-22,False
setl_69bdecb071dff7,pay_fba37bc5ff7ab1,order_1245,2499,49.98,9.0,2440.02,UTR3322150992,2026-08-06,False
setl_93aaaa899e807e,pay_00759f1b8dc488,order_1161,4999,99.98,18.0,4881.02,UTR7103217717,2026-08-13,False
setl_10d0d5e323d5e9,pay_c367d2e5e9beac,order_1382,2499,49.98,9.0,2440.02,UTR6047522853,2026-08-18,False
setl_06f976125c0d48,pay_4fdf03ee7f9493,order_1411,1499,29.98,5.4,1463.62,UTR4366698765,2026-08-07,False
setl_389498e9efa063,pay_17080d4d65d248,order_1303,499,9.98,1.8,487.22,UTR1267698902,2026-08-07,False
setl_96f5241899cbda,pay_280a7ba26ad11c,order_1079,1499,29.98,5.4,1463.62,UTR3188382776,2026-08-09,False
setl_9d6896d9aefbbf_dup,pay_08a47df33a3030,order_1368,1499,29.98,5.4,1463.62,UTR6885086622,2026-08-16,False
setl_88d6969bbb30f0,pay_f2656b6c5ca367,order_1269,4999,99.98,18.0,4881.02,UTR5112928418,2026-08-18,False
setl_d7016fdd8dad96,pay_d44f07b1091137,order_1298,9999,199.98,36.0,6763.32,UTR1793743692,2026-08-03,False
setl_6b319e64b86e1f,pay_b5cecf519eb8c8,order_1367,1499,29.98,5.4,1463.62,UTR5648063448,2026-08-22,False
setl_085967fc4f7a72,pay_feae7f84ae66f4,order_1294,1499,29.98,5.4,1463.62,UTR5993358302,2026-08-22,False
setl_73a7675dc85fba,pay_74c71cb5d3adb1,order_1289,4999,99.98,18.0,4881.02,UTR4926138123,2026-08-06,False
setl_2f49134188290e,pay_f0feb64e552473,order_1315,4999,99.98,18.5,4880.52,UTR5323593724,2026-08-09,False
setl_ad1ad2c7f12a6a,pay_8484c5373a7328,order_1407,999,19.98,3.6,975.42,UTR2745438052,2026-08-11,False
setl_ab19b0dabc584b,pay_d326f1998d4194,order_1424,2499,49.98,9.0,2440.02,UTR2402777787,2026-08-16,False
setl_ef872f713d2cc3,pay_725f4ae684911d,order_1377,4999,99.98,18.0,3381.32,UTR5908111274,2026-08-14,False
setl_b37e12f54108d5,pay_3578a444565000,order_1261,9999,199.98,36.0,9763.02,UTR7892193329,2026-08-14,False
setl_c895325af393d7,pay_cd5f176353d5ef,order_1391,2499,49.98,9.0,1690.32,UTR4782698673,2026-08-03,False
setl_a2943b73f7d935,pay_05e6f26b6e3d4d,order_1232,4999,99.98,18.0,4881.02,UTR7271530837,2026-08-18,False
setl_8c0c7d02a1af33,pay_14fcf85652a5e8,order_1273,9999,199.98,36.0,9763.02,UTR4086168237,2026-08-23,False
setl_95d9db4912142b,pay_cc11d2574d8a99,order_1073,4999,99.98,18.0,4881.02,UTR6942989052,2026-08-15,False
setl_d3cb87d5f0ef1f,pay_f8233aed1b34a9,order_1062,2499,49.98,9.0,2440.02,UTR4022663059,2026-08-10,False
setl_bea7d975982166,pay_dc39aa3ce56812,order_1302,499,9.98,1.8,487.22,UTR1335625113,2026-08-21,False
setl_5ef35395ee804a,pay_41ea2ddc569ee3,order_1327,9999,199.98,36.0,9763.02,UTR2710659735,2026-08-18,False
setl_18cc9a06acd791,pay_8287f9c62d13cf,order_1123,1499,29.98,5.4,1463.62,UTR2592724766,2026-08-10,False
setl_cbb935b28ad011,pay_fa0eaf6ed541a6,order_1164,2499,49.98,9.0,2440.02,UTR6511718732,2026-08-14,False
setl_d3c57c6bc4a9ea,pay_b60f4aed613448,order_1338,1499,29.98,5.4,1013.92,UTR2748836777,2026-08-03,False
setl_021ddb6a310dbf,pay_6ba22574f84229,order_1474,9999,199.98,36.0,9763.02,UTR1753977213,2026-08-18,False
setl_3b2fd8f084cc38,pay_758498c12a9da0,order_1434,499,9.98,2.3,486.72,UTR8159204912,2026-08-16,False
setl_2a7ee099188251,pay_d6f9901a954a54,order_1007,999,19.98,3.6,975.42,UTR2224011538,2026-08-14,False
setl_e65c20f1eab3d4,pay_4ffcbb778eb498,order_1054,4999,99.98,18.0,3381.32,UTR1589582865,2026-08-11,False
setl_dc92af2e861c8a,pay_6025dd95ff3f3a,order_1281,2499,49.98,9.0,2440.02,UTR9232015048,2026-08-23,False
setl_bdb12ba1b7c7ea,pay_891b8b524d0ccc,order_1444,499,9.98,1.8,487.22,UTR3597900199,2026-08-23,False
setl_1fb10442d07e0e,pay_dd73ab59b3b37f,order_1111,4999,99.98,18.0,4881.02,UTR6588417397,2026-08-04,False
setl_5ccd063a5a4fe0,pay_6b5b834c1dd4f6,order_1448,499,9.98,2.3,486.72,UTR6915334476,2026-08-18,False
setl_6cc80cd3007459,pay_62b8119e55e310,order_1305,999,19.98,3.6,975.42,UTR7003585379,2026-08-12,False
setl_59bbc8687c3954,pay_ac1607ca6868ff,order_1417,4999,99.98,18.0,4881.02,UTR6938102736,2026-08-16,False
setl_520f8a6df6e044,pay_6d6b554fa7116b,order_1033,499,9.98,1.8,487.22,UTR3179320310,2026-08-21,False
setl_74a485a8a1c20e,pay_6eb7a9acf464a5,order_1348,4999,99.98,18.0,4881.02,UTR3129392953,2026-08-18,False
setl_7c9fe7a4931e19,pay_946cae87d42a88,order_1490,499,9.98,1.8,487.22,UTR2834593810,2026-08-14,False
setl_9d04819c48a04f,pay_b8dd75ad2ca311,order_1272,4999,99.98,18.0,4881.02,UTR8688960845,2026-08-04,False
setl_48b022bb193e67,pay_037897ab1c35df,order_1107,999,19.98,3.6,975.42,UTR2780136605,2026-08-13,False
setl_6f7b4943e416fb,pay_8f7b7a010a9226,order_1271,2499,49.98,9.0,2440.02,UTR1240504531,2026-08-22,False
setl_399f4fa49ab097,pay_cea2759a64d367,order_1027,1499,29.98,5.4,1463.62,UTR2513206988,2026-08-10,False
setl_80b946128469f5,pay_07d4f0e79d65a9,order_1218,9999,199.98,36.0,9763.02,UTR8023001183,2026-08-13,False
setl_36fe2bb817450a,pay_e460fb6f3f3b1a,order_1134,499,9.98,1.8,487.22,UTR8013290620,2026-08-10,False
setl_701036c75b01c2,pay_12177b752f0f42,order_1133,1499,29.98,5.4,1463.62,UTR9896529524,2026-08-15,False
setl_e8f138b597f256,pay_ff528b39190334,order_1185,999,19.98,3.6,675.72,UTR6272305209,2026-08-19,False
setl_1234be56bbd875,pay_9e5eee42bcda62,order_1499,9999,199.98,36.0,9763.02,UTR3207854145,2026-08-08,False
setl_e54f6e179ebcc3,pay_c0141a7a41b71f,order_1363,499,9.98,1.8,487.22,UTR2557137740,2026-08-05,False
setl_d681b95f7007e7,pay_b463697907050b,order_1403,4999,99.98,18.0,4881.02,UTR1356330603,2026-08-05,False
setl_97e3a2b1b392d4,pay_6a916535ac25dc,order_1142,1499,29.98,5.4,1463.62,UTR6605439330,2026-08-06,False
setl_e0f3dc5dd29cbe,pay_53ec0f8cff1a4d,order_1088,499,9.98,1.8,487.22,UTR3420671425,2026-08-14,False
setl_59bd742c247fc0,pay_8257a41d3fa65a,order_1177,1499,29.98,5.4,1463.62,UTR4969115197,2026-08-12,False
setl_0ae0891ca297d8,pay_4fe039388f4581,order_1217,999,19.98,3.6,975.42,UTR9386407362,2026-08-14,False
setl_bf891aed93e533,pay_9ed77cd98a9c25,order_1409,1499,29.98,5.4,1463.62,UTR8841473055,2026-08-09,False
setl_60d6d3c40b0c2b,pay_e62994eabe4fae,order_1376,499,9.98,1.8,487.22,UTR1491259971,2026-08-23,False
setl_a64c6661d076aa,pay_defe12b958d295,order_1457,999,19.98,3.6,975.42,UTR5811161965,2026-08-09,False
setl_8c1443b934ead0,pay_ae831d8f6651e3,order_1257,2499,49.98,9.0,2440.02,UTR8938610457,2026-08-22,False
setl_aba47a49fd0cae,pay_4eb87bbaeb30da,order_1241,2499,49.98,9.0,2440.02,UTR9935027997,2026-08-21,False
setl_fc4ec245509a08,pay_1c39a46b73c046,order_1224,4999,99.98,18.0,4881.02,UTR7107706105,2026-08-04,True
setl_fa43698e8867bd,pay_18faabe8a171c4,order_1203,1499,29.98,5.4,1463.62,UTR3514994916,2026-08-11,False
setl_ff6269353f26b9,pay_b41ba3b91c272f,order_1362,9999,199.98,36.0,9763.02,UTR6179005098,2026-08-07,False
setl_851a9843f03fcc,pay_45f9e2c0176963,order_1035,1499,29.98,5.4,1013.92,UTR1515328854,2026-08-13,False
setl_5bf3b0384edefe,pay_36e2b19ea3be18,order_1262,2499,49.98,9.0,2440.02,UTR4080891187,2026-08-23,False
setl_edb0235a852e55,pay_a9d2a0f1052b6c,order_1053,9999,199.98,36.0,9763.02,UTR3079537716,2026-08-23,False
setl_75767c4a0d31eb,pay_e9b8ca42c4a667,order_1374,4999,99.98,18.0,4881.02,UTR9795904190,2026-08-20,False
setl_0434a741f87e83,pay_bc60d92bc39458,order_1321,499,9.98,1.8,337.52,UTR8419802762,2026-08-18,False
setl_932418f0251dea,pay_6052d9c8a3deeb,order_1354,999,19.98,3.6,975.42,UTR5996287836,2026-08-12,False
setl_c13b49786b5b44,pay_c5eb40f1b7cba7,order_1018,499,9.98,1.8,487.22,UTR2355268102,2026-08-09,False
setl_3b7c6567be1435,pay_9b6c356343970e,order_1414,1499,29.98,5.4,1463.62,UTR1679026596,2026-08-18,False
setl_2231ab77a09b11,pay_ab393067391f20,order_1479,2499,49.98,9.0,2440.02,UTR1776130576,2026-08-06,False
setl_dd36519e46557b,pay_531cc8ac0b8ab0,order_1440,499,9.98,1.8,487.22,UTR3455450949,2026-08-06,False
setl_bc7224732b9b91,pay_392ca62e10eb94,order_1170,1499,29.98,5.4,1463.62,UTR2798671637,2026-08-14,False
setl_256a6840b61303,pay_2cd30a0ab70cff,order_1395,2499,49.98,9.0,2440.02,UTR9936226790,2026-08-03,False
setl_fb151cb584a8cb,pay_3f9b8d41bd764d,order_1316,1499,29.98,5.9,1463.12,UTR2861342732,2026-08-04,False
setl_d87c8be95951fd,pay_b8879857d9d287,order_1136,999,19.98,3.6,975.42,UTR8229392805,2026-08-19,False
setl_b889dc05388c6e,pay_09f2dc4c1c268f,order_1470,1499,29.98,5.4,1463.62,UTR7133865128,2026-08-20,False
setl_6d2476d1352664,pay_7bee18b99808e0,order_1494,2499,49.98,9.0,2440.02,UTR4930488077,2026-08-22,True
setl_6f5e758264aaab,pay_3af5544d17f65d,order_1279,499,9.98,1.8,487.22,UTR1445869324,2026-08-05,False
setl_0b79364fd7999d,pay_7b601cdbea5a45,order_1364,9999,199.98,36.0,9763.02,UTR9770757995,2026-08-15,False
setl_15d02e44211503,pay_9dfdb13be5f048,order_1493,1499,29.98,5.4,1463.62,UTR7731155785,2026-08-11,False
setl_969e88f7c53cb4,pay_829dd284e11080,order_1117,2499,49.98,9.0,2440.02,UTR3192202822,2026-08-19,False
setl_be20cf1385695a,pay_b016badf799826,order_1308,9999,199.98,36.0,9763.02,UTR1052996109,2026-08-22,False
setl_7025babbb41053,pay_d9f4a662449e5a,order_1198,1499,29.98,5.4,1463.62,UTR1195472006,2026-08-22,False
setl_018610b5fd4ff7,pay_4f76001b519d15,order_1484,999,19.98,3.6,975.42,UTR1751536075,2026-08-15,False
setl_40fd5268f14f33,pay_1c38a2795131a4,order_1461,1499,29.98,5.4,1463.62,UTR7005908641,2026-08-06,False
setl_f916d8dc076bd0,pay_b790c77142a183,order_1322,9999,199.98,36.0,9763.02,UTR7866493470,2026-08-21,False
setl_96d284e01d4717,pay_6a7b42e16604f3,order_1420,999,19.98,3.6,975.42,UTR1490644268,2026-08-18,False
setl_5db61a85f30214,pay_0aed19d1d19913,order_1169,2499,49.98,9.0,2440.02,UTR8285534922,2026-08-08,False
setl_02aa482c210868,pay_025b873eb34363,order_1480,1499,29.98,5.4,1463.62,UTR1578249720,2026-08-03,False
setl_124b941bbf8710,pay_bb7aecaae68aed,order_1021,2499,49.98,9.0,2440.02,UTR7887897660,2026-08-13,False
setl_25392be3b3343d,pay_c3bc658b446b58,order_1126,4999,99.98,18.0,4881.02,UTR1458227039,2026-08-14,False
setl_45f7f456e4de86,pay_6fa2e0227571b6,order_1199,999,19.98,3.6,975.42,UTR5080436698,2026-08-13,False
setl_5f92784fd39ed9,pay_47a3ed300dd3f6,order_1397,499,9.98,1.8,487.22,UTR4995004351,2026-08-11,False
setl_8a0ceec5d4c30b,pay_d494f0d606736a,order_1307,4999,99.98,18.0,4881.02,UTR9013302138,2026-08-16,False
setl_d42b450d962a0b,pay_31d5c9cdfd9a0e,order_1034,999,19.98,3.6,975.42,UTR7098134112,2026-08-15,False
setl_a7f541c268322b,pay_48614f56eee129,order_1406,499,9.98,1.8,487.22,UTR9847606796,2026-08-14,False
setl_242a00c3520b8b,pay_3291c33d52e0d2,order_1031,2499,49.98,9.0,2440.02,UTR8636525027,2026-08-17,False
setl_d8a4d1e5c2567b,pay_5670dfa4a1164b,order_1277,999,19.98,3.6,975.42,UTR9632590108,2026-08-16,False
setl_bb73b9760e3ee1,pay_5e275e2528c799,order_1332,2499,49.98,9.0,2440.02,UTR1122643545,2026-08-11,False
setl_ff8b24f98b098d,pay_fed273606f4c76,order_1006,999,19.98,3.6,975.42,UTR1798112150,2026-08-04,False
setl_a4e7960febc622,pay_49d57cd8dfaa05,order_1459,499,9.98,1.8,487.22,UTR4430248652,2026-08-20,False
setl_505af04a13ac92,pay_764afd5b04927b,order_1182,1499,29.98,5.4,1463.62,UTR6588063032,2026-08-13,False
setl_d43bb0271c6646,pay_26b88e9bced19c,order_1242,999,19.98,3.6,975.42,UTR1576951818,2026-08-14,False
setl_a2c7cc7e9a9da2,pay_2818e5bdd3239c,order_1037,499,9.98,1.8,487.22,UTR5536224717,2026-08-18,False
setl_74d4e348310acf,pay_a9cdf5c1e1b01e,order_1415,9999,199.98,35.5,9763.52,UTR1721237600,2026-08-08,False
setl_a0aac5beadc6b5,pay_629e8b2d597bc8,order_1466,2499,49.98,9.0,2440.02,UTR1164565091,2026-08-21,False
setl_dc833a615188bd,pay_0f5434cca57eed,order_1346,499,9.98,1.3,487.72,UTR2065031404,2026-08-17,False
setl_c60ddf76dbeddb,pay_d6e6f41d33eeae,order_1195,4999,99.98,18.0,4881.02,UTR6806178791,2026-08-05,False
setl_f7e4856f351084,pay_cb9ac96c4899ba,order_1455,4999,99.98,18.0,4881.02,UTR5094342863,2026-08-09,False
setl_a65ec202990ff7,pay_914e175d6701f1,order_1283,4999,99.98,18.0,4881.02,UTR3347125656,2026-08-22,False
setl_caf022f5ad590e,pay_49225611c0871f,order_1423,1499,29.98,5.4,1463.62,UTR3503379686,2026-08-06,False
setl_54afa3830dc652,pay_8990ffd894a754,order_1098,499,9.98,1.8,487.22,UTR6564579551,2026-08-23,False
setl_70635c6cd4108f,pay_05a627290690a2,order_1015,1499,29.98,5.4,1463.62,UTR3792347639,2026-08-10,False
setl_6af19e1f3ac1dc,pay_d2fd8811c10c33,order_1086,499,9.98,1.8,487.22,UTR9342031932,2026-08-04,False
setl_b722b423bb0b9a,pay_fc684b3d62c9cd,order_1249,999,19.98,3.6,975.42,UTR4614902579,2026-08-15,False
setl_5c77d1c4b93d2b,pay_e6d573f2c11751,order_1085,1499,29.98,5.4,1463.62,UTR3205292512,2026-08-15,False
setl_eb133a0e3be03d,pay_43f0ddb825be1f,order_1375,1499,29.98,5.4,1463.62,UTR9534467201,2026-08-08,False
setl_b1ca807b46dc5b,pay_5e27f00adfd164,order_1343,4999,99.98,18.0,3381.32,UTR8085106052,2026-08-23,False
setl_c36cb5d51932a4,pay_33e92701f2c674,order_1326,999,19.98,3.6,975.42,UTR7702235761,2026-08-16,False
setl_9bb2d1d17b5d4d,pay_4090b7972ba815,order_1328,9999,199.98,36.0,9763.02,UTR4167339238,2026-08-22,False
setl_0dad4e062a9b9c,pay_3976193898d02a,order_1150,999,19.98,3.6,975.42,UTR1153931824,2026-08-17,False
setl_e579eeed90509b,pay_467401b8628227,order_1337,499,9.98,1.8,487.22,UTR4115565294,2026-08-15,False
setl_098320302fc569,pay_6f98b9fda73ac4,order_1124,4999,99.98,18.0,4881.02,UTR9977193987,2026-08-03,False
setl_045bac99fa58b1,pay_9ca2650adf2e16,order_1105,9999,199.98,36.0,9763.02,UTR7364839489,2026-08-10,False
setl_a1f3fc4506861a,pay_b6dffd0e569dc6,order_1453,2499,49.98,9.0,2440.02,UTR6427906903,2026-08-16,True
setl_d22b9d180127bd,pay_1a2261e497a94f,order_1204,9999,199.98,36.0,9763.02,UTR8412733036,2026-08-22,False
setl_3a5d7245f98daf,pay_9179ef47cc42d0,order_1392,4999,99.98,18.0,4881.02,UTR5811919939,2026-08-22,False
setl_96dc977691aa08,pay_6ebc0c096100d6,order_1223,4999,99.98,18.0,4881.02,UTR1463884781,2026-08-09,False
setl_5a4bcd392db84c,pay_0741e488143158,order_1229,1499,29.98,5.4,1463.62,UTR3814528616,2026-08-14,False
setl_8c80d065b513a1,pay_78a9b40592a85f,order_1043,4999,99.98,18.0,4881.02,UTR1572989855,2026-08-13,False
setl_2edc0c3a6e5086,pay_9ee40a6dd73d67,order_1413,2499,49.98,9.0,2440.02,UTR6177452419,2026-08-22,False
setl_6a4b43c86cf9df,pay_e7b15f44e096c2,order_1370,499,9.98,1.8,487.22,UTR3523068547,2026-08-14,True
setl_95a6789f1459e9,pay_5767d4722cee1e,order_1314,2499,49.98,9.0,1690.32,UTR6681383069,2026-08-12,False
setl_4bbf69252d55d7,pay_a774bb246a0349,order_1345,999,19.98,3.6,975.42,UTR3070399674,2026-08-19,False
setl_a6bcacda4a5117,pay_f20fa9fa6037bf,order_1250,9999,199.98,36.0,9763.02,UTR1966088651,2026-08-19,False
setl_1d35bfd34d7791,pay_381b5dbc91efb8,order_1369,999,19.98,3.6,975.42,UTR7699971723,2026-08-03,False
setl_512a78f1a2527d,pay_14e08a10f054c9,order_1372,999,19.98,3.6,975.42,UTR8812525969,2026-08-19,False
setl_fa5a902ee2b16a,pay_3219311bb5e19f,order_1386,999,19.98,3.6,975.42,UTR4079402141,2026-08-04,False
setl_cafff9fab81ec9,pay_29135bbcbf69a2,order_1311,9999,199.98,36.0,9763.02,UTR7529793398,2026-08-19,False
setl_12a7c2d8fc115e,pay_bae5c55d6ec639,order_1274,999,19.98,3.6,975.42,UTR6855450328,2026-08-05,False
setl_fb928737fa5499,pay_72dd43976d7a51,order_1390,4999,99.98,18.0,4881.02,UTR7569739704,2026-08-07,False
setl_7b1e9d909725a9,pay_41b7b726305d9f,order_1476,4999,99.98,18.0,4881.02,UTR4087070528,2026-08-18,False
setl_e9e58217597967,pay_5bb746e9033d64,order_1228,2499,49.98,9.0,2440.02,UTR8750287671,2026-08-14,False
setl_aad3eb8f630f66,pay_c3b8c98088bf22,order_1361,4999,99.98,18.0,4881.02,UTR9133570661,2026-08-16,False
setl_d3bdca79467ae1,pay_5b44dfa1fcefd2,order_1076,4999,99.98,18.0,4881.02,UTR9063016667,2026-08-11,False
setl_847bb8efea33d6,pay_b9fd5baa7f542a,order_1099,1499,29.98,5.4,1463.62,UTR6557907251,2026-08-14,False
setl_ddf25f35ff4b79,pay_143a9314f59c55,order_1069,999,19.98,3.6,675.72,UTR6910112521,2026-08-13,False
setl_1468eb41e49322,pay_225343cf4b0ab0,order_1057,9999,199.98,36.0,9763.02,UTR6899673770,2026-08-22,False
setl_5925fb69f46cda,pay_4659ca11a4baed,order_1039,9999,199.98,36.0,9763.02,UTR9991312028,2026-08-19,False
setl_3b3a63a26ab8aa,pay_d48eeb4bfa87e3,order_1447,1499,29.98,5.4,1463.62,UTR2278125276,2026-08-16,False
setl_a6e321e4881fdd,pay_f8583a1af02b4a,order_1429,499,9.98,1.8,487.22,UTR1768672336,2026-08-10,False
setl_fef2d215f5073c,pay_0a99731a86d2f5,order_1100,4999,99.98,18.0,4881.02,UTR1378134712,2026-08-08,False
setl_89f69c443bc066,pay_3d488afeeefe2f,order_1442,4999,99.98,18.0,4881.02,UTR4982498009,2026-08-17,False
setl_b88567ca2a6be7,pay_c851b710b051ce,order_1072,2499,49.98,9.0,2440.02,UTR9609047368,2026-08-15,False
setl_57adcfa132f7c0,pay_eec1ee1a921329,order_1373,499,9.98,1.8,487.22,UTR3232712137,2026-08-18,False
setl_2799f72b2dab0a,pay_cb171cb6353f0a,order_1174,2499,49.98,9.0,2440.02,UTR3280285467,2026-08-13,False
setl_b530efcb3d82a1,pay_3bf7e25c0c6dc3,order_1238,2499,49.98,9.0,2440.02,UTR5095943641,2026-08-05,False
setl_dbb464496d43f4,pay_215a020a7ef4af,order_1330,2499,49.98,9.0,2440.02,UTR5691874056,2026-08-11,False
setl_9301c2d7a26723,pay_f4bdab2320f999,order_1146,2499,49.98,9.0,2440.02,UTR9269680715,2026-08-03,False
setl_5f500d5b0e5155,pay_b71aaa97d867f9,order_1189,1499,29.98,5.4,1463.62,UTR3840004195,2026-08-04,False
setl_3b8dc1c4701a22,pay_5a7ad0d683b5cc,order_1331,4999,99.98,18.0,4881.02,UTR5440351015,2026-08-13,False
setl_c1ec91cb14ac7f,pay_e0616beab7553c,order_1156,999,19.98,3.6,975.42,UTR6855970349,2026-08-22,False
setl_72d234bb361e70,pay_6e155ab96ecfb8,order_1130,2499,49.98,9.0,2440.02,UTR1357561213,2026-08-19,False
setl_b761ea8ed71f69,pay_4a53f5e2e90028,order_1219,2499,49.98,9.0,2440.02,UTR5225369518,2026-08-08,False
setl_d0324ae54ddaa3,pay_0fe65237090bf6,order_1482,9999,199.98,36.0,9763.02,UTR1139083858,2026-08-12,False
setl_83e7b37b321097,pay_8196092aaf09c6,order_1342,9999,199.98,36.0,9763.02,UTR3754702956,2026-08-22,False
setl_49e9e6f39d3b4a,pay_d9371f7459fbc2,order_1016,499,9.98,1.8,487.22,UTR4361393222,2026-08-21,False
setl_bd9ad775c6edf3,pay_77239b21cd5c40,order_1024,2499,49.98,9.0,1690.32,UTR2764265618,2026-08-10,False
setl_a8b4591e37e1c0,pay_95a181d2d3719d,order_1137,4999,99.98,18.0,4881.02,UTR8825544304,2026-08-16,False
setl_c92cfede625132,pay_065da7b97385fc,order_1485,2499,49.98,9.0,2440.02,UTR1137802449,2026-08-03,False
setl_91aeea497ba95f,pay_92e521369dc13a,order_1379,2499,49.98,9.0,2440.02,UTR5952689640,2026-08-18,False
setl_a081249c8b4182,pay_a1659758b791a9,order_1404,2499,49.98,9.0,2440.02,UTR4665991072,2026-08-12,False
setl_36f6decf50aa68,pay_578754b1767bad,order_1186,9999,199.98,36.0,9763.02,UTR1512036736,2026-08-05,False
setl_1df39a2c5a7be6,pay_96b0d7a7558e40,order_1129,1499,29.98,5.4,1463.62,UTR6744039057,2026-08-17,False
setl_ba036d89c09afe,pay_86932435a5dc60,order_1446,999,19.98,3.1,975.92,UTR1277087771,2026-08-07,False
setl_f18f17ca2063be,pay_dcc80fd79e5a6a,order_1167,9999,199.98,36.0,9763.02,UTR3089516830,2026-08-14,False
setl_b78feb69ebbbb3,pay_511bf20b87df68,order_1256,9999,199.98,36.0,9763.02,UTR9771852156,2026-08-19,True
setl_e0e7384229da65,pay_99669e14f36d5c,order_1119,499,9.98,1.8,487.22,UTR8195055602,2026-08-18,False
setl_6f83a5b07d9428,pay_a8fcb002d427e0,order_1378,1499,29.98,5.4,1463.62,UTR5574704317,2026-08-04,False
setl_58747e1fbdd998,pay_bf9ffc6fb3f900,order_1351,2499,49.98,9.0,2440.02,UTR8132612624,2026-08-10,False
setl_431ba7c6fe43db,pay_41988c35e021b2,order_1284,2499,49.98,9.0,2440.02,UTR2338247946,2026-08-06,False
setl_987855d2d78266,pay_a47ca13b39b976,order_1339,9999,199.98,36.0,9763.02,UTR5156341268,2026-08-21,False
setl_TRAP_A,pay_TRAP_A,order_9001,2499,49.98,9.0,2440.02,UTR_TRAP_AAAA,2026-08-15,False
setl_TRAP_B,pay_TRAP_B,order_9002,2499,49.98,9.0,2440.02,UTR_TRAP_BBBB,2026-08-15,False
